Workbook

Sheet City
A1: city_id | B1: city_name | C1: state
B2: Springfield | C2: MA
B3: Watertown | C3: MA
B4: Chatham | C4: MA
B5: Worcester | C5: MA
B6: Sandwich | C6: MA
B7: Provincetown | C7: MA
B8: Wareham | C8: MA

Sheet PowerSource
A1: power_source_id | B1: power_source_name | C1: power_source_description | D1: is_active | E1: transportable
B2: Hand Crank Generator | C2: Robust, yet simple. Crank the handle make some electricity. | D2: =RANDBETWEEN(0,1) -> 0 | E2: 1
B3: Solar Array | C3: With a clear view of a southern sky, this bad boy could power a small house. | D3: =RANDBETWEEN(0,1) -> 1 | E3: 0
B4: Diesel Generator | C4: Diesel goes in, electricity and smoke comes out. | D4: =RANDBETWEEN(0,1) -> 0 | E4: 1
B5: Gas Generator | C5: Gas goes in, electricity comes out. | D5: =RANDBETWEEN(0,1) -> 1 | E5: 1
B6: Weathervane Wind Turbine | C6: Might make some power if the wind is blowing. | D6: =RANDBETWEEN(0,1) -> 1 | E6: 0
B7: Treadmill Generator | C7: Burn calories, make electricity. | D7: =RANDBETWEEN(0,1) -> 1 | E7: 1
B8: Seabrook Nuclear Plant | C8: Largest electrical generating unit in all of New England. | D8: =RANDBETWEEN(0,1) -> 1 | E8: 0
B9: MA Military Reservation Wind Project | C9: Actually makes power if there's wind | D9: =RANDBETWEEN(0,1) -> 1 | E9: 0
B10: Wood Generator | C10: If you can make steam, you can make power. | D10: =RANDBETWEEN(0,1) -> 0 | E10: 1
B11: Dartmouth's Solar | C11: Just because the school is closed, doesn't mean it doesn't have a huge solar array. | D11: =RANDBETWEEN(0,1) -> 1 | E11: 0

Sheet WaterSource
A1: water_source_id | B1: water_source_name | C1: water_source_description | D1: water_source_quality
D2: =VLOOKUP(RANDBETWEEN(1,6),Look_ups!$A$1:$B$7,2,FALSE) -> Dirty
D3: =VLOOKUP(RANDBETWEEN(1,6),Look_ups!$A$1:$B$7,2,FALSE) -> Prestine
D4: =VLOOKUP(RANDBETWEEN(1,6),Look_ups!$A$1:$B$7,2,FALSE) -> Dirty
D5: =VLOOKUP(RANDBETWEEN(1,6),Look_ups!$A$1:$B$7,2,FALSE) -> Dirty
D6: =VLOOKUP(RANDBETWEEN(1,6),Look_ups!$A$1:$B$7,2,FALSE) -> Good
D7: =VLOOKUP(RANDBETWEEN(1,6),Look_ups!$A$1:$B$7,2,FALSE) -> Prestine
D8: =VLOOKUP(RANDBETWEEN(1,6),Look_ups!$A$1:$B$7,2,FALSE) -> Fine
D9: =VLOOKUP(RANDBETWEEN(1,6),Look_ups!$A$1:$B$7,2,FALSE) -> Bad
D10: =VLOOKUP(RANDBETWEEN(1,6),Look_ups!$A$1:$B$7,2,FALSE) -> Dirty
D11: =VLOOKUP(RANDBETWEEN(1,6),Look_ups!$A$1:$B$7,2,FALSE) -> Bad

Sheet Shelter
A1: shelter_id | B1: city_id | C1: shelter_name | D1: capacity
B2: =RANDBETWEEN(1,7) -> 6 | C2: =VLOOKUP(B2,Look_ups!$A$1:$C$12,3,FALSE)&" Homestead" -> Provincetown Homestead | D2: =RANDBETWEEN(4,16) -> 11
B3: =RANDBETWEEN(1,7) -> 1 | C3: =VLOOKUP(B3,Look_ups!$A$1:$C$12,3,FALSE)&" Shelter" -> Springfield Shelter | D3: =RANDBETWEEN(4,16) -> 4
B4: =RANDBETWEEN(1,7) -> 7 | C4: =VLOOKUP(B4,Look_ups!$A$1:$C$12,3,FALSE)&" Bunker" -> Wareham Bunker | D4: =RANDBETWEEN(4,16) -> 6
B5: =RANDBETWEEN(1,7) -> 2 | C5: =VLOOKUP(B5,Look_ups!$A$1:$C$12,3,FALSE)&" Bed & Breakfast" -> Watertown Bed & Breakfast | D5: =RANDBETWEEN(4,16) -> 13
B6: =RANDBETWEEN(1,7) -> 7 | C6: =VLOOKUP(B6,Look_ups!$A$1:$C$12,3,FALSE)&" Estate" -> Wareham Estate | D6: =RANDBETWEEN(4,16) -> 16
B7: =RANDBETWEEN(1,7) -> 3 | C7: =VLOOKUP(B7,Look_ups!$A$1:$C$12,3,FALSE)&" Farm" -> Chatham Farm | D7: =RANDBETWEEN(4,16) -> 12
B8: =RANDBETWEEN(1,7) -> 7 | C8: =VLOOKUP(B8,Look_ups!$A$1:$C$12,3,FALSE)&" Refuge" -> Wareham Refuge | D8: =RANDBETWEEN(4,16) -> 9
B9: =RANDBETWEEN(1,7) -> 6 | C9: =VLOOKUP(B9,Look_ups!$A$1:$C$12,3,FALSE)&" Cabin" -> Provincetown Cabin | D9: =RANDBETWEEN(4,16) -> 10
B10: =RANDBETWEEN(1,7) -> 5 | C10: =VLOOKUP(B10,Look_ups!$A$1:$C$12,3,FALSE)&" Depot" -> Sandwich Depot | D10: =RANDBETWEEN(4,16) -> 5
B11: =RANDBETWEEN(1,7) -> 3 | C11: =VLOOKUP(B11,Look_ups!$A$1:$C$12,3,FALSE)&" Redoubt" -> Chatham Redoubt | D11: =RANDBETWEEN(4,16) -> 6
B12: =RANDBETWEEN(1,7) -> 7 | C12: =VLOOKUP(B12,Look_ups!$A$1:$C$12,3,FALSE)&" Asylum" -> Wareham Asylum | D12: =RANDBETWEEN(4,16) -> 10
B13: =RANDBETWEEN(1,7) -> 7 | C13: =VLOOKUP(B13,Look_ups!$A$1:$C$12,3,FALSE)&" Safehouse" -> Wareham Safehouse | D13: =RANDBETWEEN(4,16) -> 15

Sheet Status
A1: status_id | B1: status_name
B2: Alive
B3: Missing
B4: Infected
B5: Deceased
B6: Injured
B7: Alive
B8: Missing
B9: Infected
B10: Deceased
B11: Injured

Sheet Survivors
A1: survivor_id | B1: shelter_id | C1: first_name | D1: last_name | E1: birth_date | F1: status_id
B2: =RANDBETWEEN(1,12) -> 8 | C2: =VLOOKUP(RANDBETWEEN(0,1000),Look_ups!$A$1:$F$1001,5,FALSE) -> Valery | D2: =VLOOKUP(RANDBETWEEN(0,1000),Look_ups!$A$1:$F$1001,6,FALSE) -> Villalobos | E2: =RANDBETWEEN(Look_ups!$K$2,Look_ups!$L$2) -> 46400
B3: =RANDBETWEEN(1,12) -> 2 | C3: =VLOOKUP(RANDBETWEEN(0,1000),Look_ups!$A$1:$F$1001,5,FALSE) -> Rosalee | D3: =VLOOKUP(RANDBETWEEN(0,1000),Look_ups!$A$1:$F$1001,6,FALSE) -> Stanley | E3: =RANDBETWEEN(Look_ups!$K$2,Look_ups!$L$2) -> 27674
B4: =RANDBETWEEN(1,12) -> 3 | C4: =VLOOKUP(RANDBETWEEN(0,1000),Look_ups!$A$1:$F$1001,5,FALSE) -> Omari | D4: =VLOOKUP(RANDBETWEEN(0,1000),Look_ups!$A$1:$F$1001,6,FALSE) -> Moyer | E4: =RANDBETWEEN(Look_ups!$K$2,Look_ups!$L$2) -> 27751
B5: =RANDBETWEEN(1,12) -> 1 | C5: =VLOOKUP(RANDBETWEEN(0,1000),Look_ups!$A$1:$F$1001,5,FALSE) -> Kallie | D5: =VLOOKUP(RANDBETWEEN(0,1000),Look_ups!$A$1:$F$1001,6,FALSE) -> Wyatt | E5: =RANDBETWEEN(Look_ups!$K$2,Look_ups!$L$2) -> 40785
B6: =RANDBETWEEN(1,12) -> 3 | C6: =VLOOKUP(RANDBETWEEN(0,1000),Look_ups!$A$1:$F$1001,5,FALSE) -> Allyson | D6: =VLOOKUP(RANDBETWEEN(0,1000),Look_ups!$A$1:$F$1001,6,FALSE) -> Johnston | E6: =RANDBETWEEN(Look_ups!$K$2,Look_ups!$L$2) -> 46356
B7: =RANDBETWEEN(1,12) -> 12 | C7: =VLOOKUP(RANDBETWEEN(0,1000),Look_ups!$A$1:$F$1001,5,FALSE) -> Aron | D7: =VLOOKUP(RANDBETWEEN(0,1000),Look_ups!$A$1:$F$1001,6,FALSE) -> Aguirre | E7: =RANDBETWEEN(Look_ups!$K$2,Look_ups!$L$2) -> 47405
B8: =RANDBETWEEN(1,12) -> 2 | C8: =VLOOKUP(RANDBETWEEN(0,1000),Look_ups!$A$1:$F$1001,5,FALSE) -> Dangelo | D8: =VLOOKUP(RANDBETWEEN(0,1000),Look_ups!$A$1:$F$1001,6,FALSE) -> King | E8: =RANDBETWEEN(Look_ups!$K$2,Look_ups!$L$2) -> 36910
B9: =RANDBETWEEN(1,12) -> 10 | C9: =VLOOKUP(RANDBETWEEN(0,1000),Look_ups!$A$1:$F$1001,5,FALSE) -> Baker | D9: =VLOOKUP(RANDBETWEEN(0,1000),Look_ups!$A$1:$F$1001,6,FALSE) -> Bowers | E9: =RANDBETWEEN(Look_ups!$K$2,Look_ups!$L$2) -> 39833
B10: =RANDBETWEEN(1,12) -> 7 | C10: =VLOOKUP(RANDBETWEEN(0,1000),Look_ups!$A$1:$F$1001,5,FALSE) -> Matthias | D10: =VLOOKUP(RANDBETWEEN(0,1000),Look_ups!$A$1:$F$1001,6,FALSE) -> Costa | E10: =RANDBETWEEN(Look_ups!$K$2,Look_ups!$L$2) -> 34241
B11: =RANDBETWEEN(1,12) -> 12 | C11: =VLOOKUP(RANDBETWEEN(0,1000),Look_ups!$A$1:$F$1001,5,FALSE) -> Angelica | D11: =VLOOKUP(RANDBETWEEN(0,1000),Look_ups!$A$1:$F$1001,6,FALSE) -> Dawson | E11: =RANDBETWEEN(Look_ups!$K$2,Look_ups!$L$2) -> 30276
B12: =RANDBETWEEN(1,12) -> 1 | C12: =VLOOKUP(RANDBETWEEN(0,1000),Look_ups!$A$1:$F$1001,5,FALSE) -> Finley | D12: =VLOOKUP(RANDBETWEEN(0,1000),Look_ups!$A$1:$F$1001,6,FALSE) -> Mayo | E12: =RANDBETWEEN(Look_ups!$K$2,Look_ups!$L$2) -> 34919
B13: =RANDBETWEEN(1,12) -> 1 | C13: =VLOOKUP(RANDBETWEEN(0,1000),Look_ups!$A$1:$F$1001,5,FALSE) -> Felicity | D13: =VLOOKUP(RANDBETWEEN(0,1000),Look_ups!$A$1:$F$1001,6,FALSE) -> Hernandez | E13: =RANDBETWEEN(Look_ups!$K$2,Look_ups!$L$2) -> 37427
... B70: =RANDBETWEEN(1,12) -> 4 | C70: =VLOOKUP(RANDBETWEEN(0,1000),Look_ups!$A$1:$F$1001,5,FALSE) -> Trevor | D70: =VLOOKUP(RANDBETWEEN(0,1000),Look_ups!$A$1:$F$1001,6,FALSE) -> Floyd | E70: =RANDBETWEEN(Look_ups!$K$2,Look_ups!$L$2) -> 46909

Sheet Skill
A1: skill_id | B1: skill_name | C1: skill_description
B2: Fitness | C2: Physical fitness / endurance
B3: Strength | C3: How strong a person is
B4: Maintenance | C4: How well a person keeps things in good working condition
B5: Carpentry | C5: The ability to build structures and furniture.
B6: Cooking | C6: How good a person is at cooking food even with limited ingredients
B7: Farming | C7: Knowledge of gardening and crops
B8: First Aid | C8: How good someone can deal with small medical issues
B9: Electrical | C9: Knowledge of how circuits work, and using electricity safely
B10: Metalworking | C10: Working with, and creating stuff with metal.
B11: Mechanics | C11: Knowledge of how machines work, and how to fix them.
B12: Tailoring | C12: How good someone can sew new clothing, repair old clothing, and recycle fabrics.
B13: Fishing | C13: How good someone is at fishing
... B31: Foraging | C31: Knowledge of edible plants and mushrooms, gathering resources.

Sheet DiseaseCase
A1: disease_case_id | B1: survivor_id | C1: diagnosis_date | D1: cure_date
B2: =RANDBETWEEN(1,5) -> 1 | C2: =RANDBETWEEN(Look_ups!$M$2,Look_ups!$N$2) -> 46998 | D2: =IF(C2+RANDBETWEEN(20,40)*RANDBETWEEN(0,1)=C2,"",C2+RANDBETWEEN(20,40))
B3: =B2+RANDBETWEEN(1,5) -> 4 | C3: =RANDBETWEEN(Look_ups!$M$2,Look_ups!$N$2) -> 45911 | D3: =IF(C3+RANDBETWEEN(20,40)*RANDBETWEEN(0,1)=C3,"",C3+RANDBETWEEN(20,40))
B4: =B3+RANDBETWEEN(1,5) -> 6 | C4: =RANDBETWEEN(Look_ups!$M$2,Look_ups!$N$2) -> 46449 | D4: =IF(C4+RANDBETWEEN(20,40)*RANDBETWEEN(0,1)=C4,"",C4+RANDBETWEEN(20,40)) -> 46480
B5: =B4+RANDBETWEEN(1,5) -> 11 | C5: =RANDBETWEEN(Look_ups!$M$2,Look_ups!$N$2) -> 46146 | D5: =IF(C5+RANDBETWEEN(20,40)*RANDBETWEEN(0,1)=C5,"",C5+RANDBETWEEN(20,40))
B6: =B5+RANDBETWEEN(1,5) -> 14 | C6: =RANDBETWEEN(Look_ups!$M$2,Look_ups!$N$2) -> 45836 | D6: =IF(C6+RANDBETWEEN(20,40)*RANDBETWEEN(0,1)=C6,"",C6+RANDBETWEEN(20,40))
B7: =B6+RANDBETWEEN(1,5) -> 15 | C7: =RANDBETWEEN(Look_ups!$M$2,Look_ups!$N$2) -> 45921 | D7: =IF(C7+RANDBETWEEN(20,40)*RANDBETWEEN(0,1)=C7,"",C7+RANDBETWEEN(20,40))
B8: =B7+RANDBETWEEN(1,5) -> 19 | C8: =RANDBETWEEN(Look_ups!$M$2,Look_ups!$N$2) -> 47067 | D8: =IF(C8+RANDBETWEEN(20,40)*RANDBETWEEN(0,1)=C8,"",C8+RANDBETWEEN(20,40))
B9: =B8+RANDBETWEEN(1,5) -> 20 | C9: =RANDBETWEEN(Look_ups!$M$2,Look_ups!$N$2) -> 47092 | D9: =IF(C9+RANDBETWEEN(20,40)*RANDBETWEEN(0,1)=C9,"",C9+RANDBETWEEN(20,40))
B10: =B9+RANDBETWEEN(1,5) -> 23 | C10: =RANDBETWEEN(Look_ups!$M$2,Look_ups!$N$2) -> 47475 | D10: =IF(C10+RANDBETWEEN(20,40)*RANDBETWEEN(0,1)=C10,"",C10+RANDBETWEEN(20,40))
B11: =B10+RANDBETWEEN(1,5) -> 25 | C11: =RANDBETWEEN(Look_ups!$M$2,Look_ups!$N$2) -> 46393 | D11: =IF(C11+RANDBETWEEN(20,40)*RANDBETWEEN(0,1)=C11,"",C11+RANDBETWEEN(20,40))
B12: =B11+RANDBETWEEN(1,5) -> 30 | C12: =RANDBETWEEN(Look_ups!$M$2,Look_ups!$N$2) -> 47566 | D12: =IF(C12+RANDBETWEEN(20,40)*RANDBETWEEN(0,1)=C12,"",C12+RANDBETWEEN(20,40))
B13: =B12+RANDBETWEEN(1,5) -> 32 | C13: =RANDBETWEEN(Look_ups!$M$2,Look_ups!$N$2) -> 47563 | D13: =IF(C13+RANDBETWEEN(20,40)*RANDBETWEEN(0,1)=C13,"",C13+RANDBETWEEN(20,40)) -> 47587
B14: =B13+RANDBETWEEN(1,5) -> 34 | C14: =RANDBETWEEN(Look_ups!$M$2,Look_ups!$N$2) -> 46009 | D14: =IF(C14+RANDBETWEEN(20,40)*RANDBETWEEN(0,1)=C14,"",C14+RANDBETWEEN(20,40))
... B17: =B16+RANDBETWEEN(1,5) -> 43 | C17: =RANDBETWEEN(Look_ups!$M$2,Look_ups!$N$2) -> 47465 | D17: =IF(C17+RANDBETWEEN(20,40)*RANDBETWEEN(0,1)=C17,"",C17+RANDBETWEEN(20,40)) -> 47486

Sheet Look_ups
A1: Rand Numbers | B1: Water Quality | C1: Cities | D1: Name | E1: First | F1: Last | K1: Earliest BD | L1: Latest BD | M1: Earliest Infection | N1: Latest Infection
A2: 1 | B2: Toxic | C2: Springfield | D2: Reign Pittman | E2: {=_xlfn.TEXTSPLIT(D2," ")} -> Reign | F2: Pittman | K2: 21916 | L2: 47848 | M2: 45658 | N2: 47848
A3: 2 | B3: Dirty | C3: Watertown | D3: Valentino Love | E3: {=_xlfn.TEXTSPLIT(D3," ")} -> Valentino | F3: Love
A4: 3 | B4: Bad | C4: Chatham | D4: Avianna Carpenter | E4: {=_xlfn.TEXTSPLIT(D4," ")} -> Avianna | F4: Carpenter
A5: 4 | B5: Fine | C5: Worcester | D5: Jeremy Nava | E5: {=_xlfn.TEXTSPLIT(D5," ")} -> Jeremy | F5: Nava
A6: 5 | B6: Good | C6: Sandwich | D6: Scout Vo | E6: {=_xlfn.TEXTSPLIT(D6," ")} -> Scout | F6: Vo
A7: 6 | B7: Prestine | C7: Provincetown | D7: Gordon Leach | E7: {=_xlfn.TEXTSPLIT(D7," ")} -> Gordon | F7: Leach
A8: 7 | C8: Wareham | D8: Martha Hamilton | E8: {=_xlfn.TEXTSPLIT(D8," ")} -> Martha | F8: Hamilton
A9: 8 | D9: Jason Shepard | E9: {=_xlfn.TEXTSPLIT(D9," ")} -> Jason | F9: Shepard
A10: 9 | D10: Noor Vaughn | E10: {=_xlfn.TEXTSPLIT(D10," ")} -> Noor | F10: Vaughn
A11: 10 | D11: Remy Cline | E11: {=_xlfn.TEXTSPLIT(D11," ")} -> Remy | F11: Cline
A12: 11 | D12: Lina Coleman | E12: {=_xlfn.TEXTSPLIT(D12," ")} -> Lina | F12: Coleman
A13: 12 | D13: Micah Boyer | E13: {=_xlfn.TEXTSPLIT(D13," ")} -> Micah | F13: Boyer
A14: 13 | D14: Chaya Wu | E14: {=_xlfn.TEXTSPLIT(D14," ")} -> Chaya | F14: Wu
A15: 14 | D15: Kyson McDaniel | E15: {=_xlfn.TEXTSPLIT(D15," ")} -> Kyson | F15: McDaniel
A16: 15 | D16: Dahlia Gill | E16: {=_xlfn.TEXTSPLIT(D16," ")} -> Dahlia | F16: Gill
A17: 16 | D17: Matthias Paul | E17: {=_xlfn.TEXTSPLIT(D17," ")} -> Matthias | F17: Paul
A18: 17 | D18: Daphne Felix | E18: {=_xlfn.TEXTSPLIT(D18," ")} -> Daphne | F18: Felix
A19: 18 | D19: Rodney Vega | E19: {=_xlfn.TEXTSPLIT(D19," ")} -> Rodney | F19: Vega
A20: 19 | D20: Dakota Yoder | E20: {=_xlfn.TEXTSPLIT(D20," ")} -> Dakota | F20: Yoder
... A1001: 1000 | D1001: Misael Estrada | E1001: {=_xlfn.TEXTSPLIT(D1001," ")} -> Misael | F1001: Estrada
